단과대학,학과(부),전공
인문대학,국어국문학과,국어국문학전공
인문대학,중어중문학과,중어중문학전공
인문대학,영어영문학과,영어영문학전공
인문대학,불어불문학과,불어불문학전공
인문대학,독어독문학과,독어독문학전공
인문대학,노어노문학과,노어노문학전공
인문대학,서어서문학과,서어서문학전공
인문대학,언어학과,언어학전공
인문대학,국사학과,국사학전공
인문대학,동양사학과,동양사학전공
인문대학,서양사학과,서양사학전공
인문대학,철학과,철학전공
인문대학,종교학과,종교학전공
인문대학,미학과,미학전공
인문대학,고고미술사학과,고고학전공
인문대학,고고미술사학과,미술사학전공
인문대학,아시아언어문명학부,인도언어문명전공
인문대학,아시아언어문명학부,동남아시아언어문명전공
인문대학,아시아언어문명학부,서아시아언어문명전공
인문대학,아시아언어문명학부,일본언어문명전공
사회과학대학,정치외교학부,정치학전공
사회과학대학,정치외교학부,외교학전공
사회과학대학,경제학부,경제학전공
사회과학대학,사회학과,사회학전공
사회과학대학,인류학과,인류학전공
사회과학대학,심리학과,심리학전공
사회과학대학,지리학과,지리학전공
사회과학대학,사회복지학,사회복지학전공
사회과학대학,언론정보학과,언론정보학전공
자연과학대학,수리과학부,수리과학전공
자연과학대학,통계학과,통계학전공
자연과학대학,물리⋅천문학부,물리학전공
자연과학대학,물리⋅천문학부,천문학전공
자연과학대학,화학부,화학전공
자연과학대학,생명과학부,생명과학전공
자연과학대학,지구환경과학부,지구환경과학전공
경영대학,경영학부,경영학전공
공과대학,기계항공공학부 ,기계공학전공
공과대학,기계항공공학부 ,기계항공공학전공
공과대학,기계항공공학부 ,우주항공공학전공
공과대학,재료공학부,재료공학전공
공과대학,전기⋅정보공학부,전기·정보공학전공
공과대학,전기⋅정보공학부,전기공학전공
공과대학,건설환경공학부,건설환경공학전공
공과대학,에너지자원공학과 ,에너지자원공학전공
공과대학,컴퓨터공학부,컴퓨터공학전공
공과대학,화학생물공학부,화학생물공학전공
공과대학,건축학과,건축학과 건축학전공(5년제)
공과대학,건축학과,건축학과 건축공학전공
공과대학,산업공학과,산업공학전공
공과대학,원자핵공학과,원자핵공학전공
공과대학,조선해양공학과,조선해양공학전공
농업생명과학대학,식물생산과학부,작물생명과학전공
농업생명과학대학,식물생산과학부,원예생명공학전공
농업생명과학대학,식물생산과학부,산업인력개발학전공
농업생명과학대학,산림과학부,산림환경학전공
농업생명과학대학,산림과학부,환경재료과학전공
농업생명과학대학,응용생물화학부,응용생명화학전공
농업생명과학대학,응용생물화학부,응용생물학전공
농업생명과학대학,식품⋅동물생명공학부 ,식품생명공학전공
농업생명과학대학,식품⋅동물생명공학부 ,동물생명공학전공
농업생명과학대학,바이오시스템⋅소재학부 ,바이오시스템공학전공
농업생명과학대학,바이오시스템⋅소재학부 ,바이오소재공학전공
농업생명과학대학,조경⋅지역시스템공학부 ,조경학전공
농업생명과학대학,조경⋅지역시스템공학부 ,지역시스템공학전공
농업생명과학대학,농경제사회학부,농업·자원경제학전공
농업생명과학대학,농경제사회학부,지역정보전공
미술대학,동양화과,동양화전공
미술대학,서양화과,서양화전공
미술대학,조소과,조소전공
미술대학,디자인학부,공예전공
미술대학,디자인학부,디자인전공
미술대학,디자인학부,시각디자인전공
미술대학,디자인학부,공업디자인전공
생활과학대학,소비자아동학부,소비자학전공
생활과학대학,소비자아동학부,아동가족학전공
생활과학대학,소비자아동학부,가족아동학전공
생활과학대학,식품영양학과 ,식품영양학전공
생활과학대학,의류학과 ,의류학전공
음악대학,성악과,성악전공
음악대학,작곡과,작곡전공
음악대학,작곡과,이론전공
음악대학,기악과,피아노전공
음악대학,기악과,현악전공
음악대학,기악과,관악전공
음악대학,국악과 ,국악전공
연합전공,인문대학 국사학과,연합전공 동아시아비교인문학
연합전공,사회과학대학 언론정보학과,연합전공 정보문화학
연합전공,자연과학대학 지구환경과학부,연합전공 계산과학
연합전공,경영대학 경영학과,연합전공 벤처경영학
연합전공,공과대학 산업공학과,연합전공 기술경영
연합전공,공과대학 전기정보공학부,연합전공 인공지능반도체공학
연합전공,공과대학 컴퓨터공학부,연합전공 인공지능
연합전공,농업생명과학대학 산림과학부,연합전공 글로벌환경경영학
연합전공,미술대학,연합전공 영상매체예술
연계전공,인문대학 국어국문학과,연계전공 고전문헌학
연계전공,인문대학 노어노문학과,연계전공 러시아학
연계전공,인문대학 서어서문학과,연계전공 라틴아메리카학
연계전공,인문대학 언어학과,연계전공 인문데이터과학
연계전공,인문대학 철학과,연계전공 정치-경제-철학
연계전공,인문대학 국어국문학과,연계전공 한국문화
연계전공,사회과학대학 정치외교학부,연계전공 유럽지역학
연계전공,사회과학대학 심리학과,연계전공 뇌-마음-행동
연계전공,사회과학대학 경제학부,연계전공 금융경제
연계전공,사회과학대학 인류학과,연계전공 일본학
연계전공,자연과학대학 수리과학부,연계전공 금융수학
연계전공,자연과학대학 생명과학부,연계전공 과학기술학
연계전공,미술대학 디자인학부,연계전공 통합창의디자인
연계전공,공과대학 화학생물공학부,연계전공 공학바이오